date,GW_01,GW_02,GW_03,GW_04,GW_05,GW_06,GW_07,GW_08,GW_09,GW_10,GW_11,GW_12,GW_13,GW_14,GW_15,GW_16,GW_17,GW_18,GW_19,GW_20,GW_21,GW_AV,GW_CH,GW_EW,GW_HF,GW_IM,GW_MJ,GW_MWD,GW_OW,GW_SBV,GW_SC,GW_SD,GW_VC,SR_BER,SR_BLB,SR_BUC,SR_BUL,SR_BVLB,SR_CAS,SR_CFW,SR_CLE,SR_CLK_INV,SR_CMN,SR_CR1,SR_CR2,SR_CR3,SR_CRW,SR_DLV,SR_DMV,SR_DNP,SR_EBMUD,SR_ENG,SR_FOL,SR_GNT,SR_HID,SR_HTH,SR_ISB,SR_LA,SR_LL_ENR,SR_LVQ,SR_MCR,SR_MHW,SR_MIL,SR_ML,SR_NHG,SR_NML,SR_OL,SR_ORO,SR_PAR,SR_PNF,SR_PRR,SR_PYM,SR_RLL_CMB,SR_SCAGG,SR_SCC,SR_SFAGG,SR_SHA,SR_SKN,SR_SLW,SR_SNL,SR_SS,SR_TAB,SR_TL,SR_TRM,SR_TUL,SR_WHI
2000-10-31,0.0,0.0,0.0,0.0,0.0,0.0,0.0,0.0,0.0,0.0,0.0,0.0,0.0,0.0,0.0,0.0,0.0,0.0,0.0,0.0,0.0,0.0,0.0,0.0,0.0,0.0,0.0,0.0,0.0,0.0,0.0,0.0,0.0,3.546863178936236,0.05510195873386197,0.034216678874963866,0.2933538963855026,0.0,0.07653295244816785,0.0009285400000009287,2.3521539600000088,4.476641641463097,0.22665987480382518,0.0,0.0,0.0,0.1262196042893827,0.06813784101990167,0.5797591955809109,4.949248886749365,0.11619611999999675,0.2537815970651791,2.0199508400000106,0.2586204599999994,0.027061855670102882,0.9029212898350365,0.0011050773115499589,0.09190672707275968,0.9809178584596139,0.2937717903201471,1.6409680650000293,0.6841510652033554,0.46862294324923337,5.1025709999998154,0.07754183999999982,4.119478149507679,0.0,2.6736146147345257,0.29685463673231954,0.1919929783322289,0.027489077254515062,0.011499483766201236,0.09602483999999936,0.2342031377363624,0.014425275000000034,0.1839855145357615,8.388932718638706,0.4719243989738684,0.040682585648866725,0.5335684199999959,65.80343588000015,0.15111612130075375,0.0,0.029062930000000424,0.10572651643647495,0.17212523822959114
2000-11-30,0.0,0.0,0.0,0.0,0.0,0.0,0.0,0.0,0.0,0.0,0.0,0.0,0.0,0.0,0.0,0.0,0.0,0.0,0.0,0.0,0.0,0.0,0.0,0.0,0.0,0.0,0.0,0.0,0.0,0.0,0.0,0.0,0.0,1.4924384436976705,0.026872017005575097,0.013016921998597854,-0.5590261012272919,0.0,0.023465566613934282,0.0009665214292009667,0.5534361380347721,2.2209430799866112,0.06686201281470584,0.0,0.0,0.0,0.07884524610579416,0.01403406871826754,0.2207629798872359,0.8115895629902962,-0.2824501769628046,0.09367517257271289,0.564117668332401,0.11211896628360021,0.00986426609459277,0.14398821325854738,0.015476985888034861,0.057235373383480115,0.14707080412071147,0.11794036352961171,0.18514454894176488,0.2504263558114774,0.1983272399459156,2.755638977489923,0.025430339750399943,1.5619575461567456,0.0,-2.24319625115495,0.0971198914012167,0.0594906244026008,0.008957527409753096,0.0047086144421532175,0.01229018264153993,0.10723992337856213,0.01164096459225013,0.0842382857543941,2.966706837243915,0.1722392530127754,0.013208717753717332,0.09370964027912693,35.862805988852806,-0.16027895873817602,0.0,0.0008562844266399289,0.04140526976160637,0.03294968754439696
2000-12-31,0.0,0.0,0.0,0.0,0.0,0.0,0.0,0.0,0.0,0.0,0.0,0.0,0.0,0.0,0.0,0.0,0.0,0.0,0.0,0.0,0.0,0.0,0.0,0.0,0.0,0.0,0.0,0.0,0.0,0.0,0.0,0.0,0.0,0.9563219812298687,0.021747191405349663,0.0074054800552405065,-1.0820430610732874,0.0,0.008187602545119778,0.010055020987713055,0.32749396017842936,1.1727478477807962,-0.06749419434326644,0.0,0.0,0.0,0.0797681939617944,0.003095999999999277,0.0,-0.6926160274287905,-0.42743807395596645,0.0620769754495584,0.33483311080656947,0.05285515187191652,0.006651040727607808,-0.1169059995534022,0.021574416144994963,0.05795745964700603,-0.11648584650963023,0.05480765726241019,-0.3443287503145586,0.0,0.12132253576111336,1.7364784929115165,0.018471468933060273,0.9109665804238842,0.0,-3.5362689384484614,-0.11321736936272832,0.029859265639621217,0.0065293817169298374,-0.001055767731099681,0.007815700683813898,0.06608794719737164,0.00880953890966836,0.04439348268023405,2.814836273435044,0.0,0.009604610212902914,0.029004790589130577,15.718410032075337,-0.2532208663998513,0.0,0.0004278208656492531,0.02171277416510556,0.020640480360270986
2001-01-31,0.0,0.0,0.0,0.0,0.0,0.0,0.0,0.0,0.0,0.0,0.0,0.0,0.0,0.0,0.0,0.0,0.0,0.0,0.0,0.0,0.0,0.0,0.0,0.0,0.0,0.0,0.0,0.0,0.0,0.0,0.0,0.0,0.0,1.0654209119832596,0.03542792201659538,0.006443686860221256,0.0,0.0,-0.009649449551259057,0.010933009983515419,0.3271120415071902,1.0542979988561214,-0.13611234882659956,0.0,0.0,0.0,0.1015767034027828,-0.012713600093555114,-0.05348196415506809,-1.3846645750485327,-0.5362442146350989,0.0620769754495584,0.2504291775589512,0.046300665669333545,0.004485023226013175,-0.22050991325251906,0.03639047054717989,0.07386911896536125,-0.21757529263090858,0.060530845910561404,-0.6704320519431884,-0.08957711141092432,0.147580384094069,1.7384448088801316,0.029015316422935967,0.9565336167720463,0.0,-4.869777092947114,-0.2601109517070862,0.02766146735964659,0.008792816627583154,-0.0019192323070769577,0.007223946340975006,0.07376497581478618,0.014571935709445398,0.049368495908493897,2.4261300700992168,-0.045736047920987746,0.013008455496073237,-0.24963360347321278,12.701071871768677,-0.34680281088636195,0.0,0.0004278208656492531,0.02381143269462094,0.016967160000001272
2001-02-28,0.0,0.0,0.0,0.0,0.0,0.0,0.0,0.0,0.0,0.0,0.0,0.0,0.0,0.0,0.0,0.0,0.0,0.0,0.0,0.0,0.0,0.0,0.0,0.0,0.0,0.0,0.0,0.0,0.0,0.0,0.0,0.0,0.0,1.3863337415562291,0.08414719955083584,0.0,0.0,0.0,-0.0052065421681939845,0.020341482086737358,0.6153061895991471,1.5116356417084336,-0.09850229570673469,0.0,0.0,0.0,0.17831574695814698,0.00958573227656779,0.018597473798303142,0.11830821157483475,-0.37377698349248445,0.12430828454567516,0.3982210437288462,0.058950648306362374,0.0,0.016517868309464785,0.06887606550343606,0.12984616631052295,0.016747610008911333,0.11842199910922724,-0.10843418519201595,0.018059153605325493,0.21759749341962156,2.2178181133686015,0.02716710901898032,1.4234657198810337,0.0,-2.6898777638706477,-0.2197029475513449,0.028572491358397716,0.007064150338582586,-0.02056698626819471,0.010052179835147982,0.11989726817620748,0.03705931764028112,0.09421547288283427,3.1374961440120703,0.013961668694275578,0.010605620979119542,0.31228086486160583,27.529236425278555,-0.19427975686999602,0.0,0.0006733946056346253,0.038192144821081145,0.03138577978896024
2001-03-31,0.0,0.0,0.0,0.0,0.0,0.0,0.0,0.0,0.0,0.0,0.0,0.0,0.0,0.0,0.0,0.0,0.0,0.0,0.0,0.0,0.0,0.0,0.0,0.0,0.0,0.0,0.0,0.0,0.0,0.0,0.0,0.0,0.0,2.778005236794424,0.44562850763381556,0.03846374698188523,0.0,0.0,0.06760088762932322,0.0474528580946641,2.434564436474427,2.391133098046643,-0.06877207946040674,0.0,0.0,0.0,0.2679353064723977,0.04291510987907306,0.24278539569448782,2.064317247041389,-0.31291769338957404,0.18568704205560757,1.0618124763345589,0.10350324898091016,0.018833993579045236,0.32524354089075636,0.13256377833083985,0.19543416225030613,0.3711729482282098,0.21076021423118177,0.675788844020992,0.23226016749410827,0.46810560570248727,3.893533255412484,0.10657645000000049,2.502716644254254,0.0,-0.3960543821056324,-0.1407872253254926,0.046788562219084534,0.018450658952105597,0.0022570608185845924,0.014529710660560134,0.21510329705698966,0.10837012965194297,0.16893563112067345,6.6290016125338544,0.15995137095720818,0.027437589497611374,2.6567145574860955,38.43868343377654,-0.028134757928549498,0.0,0.0011365617578982445,0.06216939198294368,0.04028898576134677
2001-04-30,0.0,0.0,0.0,0.0,0.0,0.0,0.0,0.0,0.0,0.0,0.0,0.0,0.0,0.0,0.0,0.0,0.0,0.0,0.0,0.0,0.0,0.0,0.0,0.0,0.0,0.0,0.0,0.0,0.0,0.0,0.0,0.0,0.0,4.3142392387657065,0.5795808099999988,0.03211205792066983,0.0,0.0,0.034847164197049196,0.07257331353225008,3.308620783879449,3.1482106926352817,0.24586506274074857,0.0,0.0,0.0,0.3889163492274226,0.0733590577994504,0.44885514936334264,4.379314702491444,0.17452285819051586,0.24923621160958173,1.6800387519314106,0.15548415867674803,0.024603046361393145,0.7453248295651432,0.2446696121707952,0.2842274049481438,0.6397461597002017,0.31559912289700814,1.0877935549707405,0.4849677016883693,0.41591017036890826,5.845030541251767,0.1508125432509982,3.0093527261699493,0.0,1.7078741021000685,0.011601020969921503,0.07408853431092773,0.018202454850438855,0.10772051216482115,0.020663282707702395,0.325331538336967,0.2505586929885501,0.2540957988446057,8.032396133590087,0.33382884611500513,0.05996537668595022,1.762401503516056,62.96114782669388,0.10005859828852635,0.0,0.0017954376742973113,0.09385400488129603,0.0692524993797851
2001-05-31,0.0,0.0,0.0,0.0,0.0,0.0,0.0,0.0,0.0,0.0,0.0,0.0,0.0,0.0,0.0,0.0,0.0,0.0,0.0,0.0,0.0,0.0,0.0,0.0,0.0,0.0,0.0,0.0,0.0,0.0,0.0,0.0,0.0,6.73873070976515,0.22759521511680128,0.1144352122326202,1.0826141012033288,0.0,0.07282401365324793,0.09641992370175956,6.326267145585001,4.172770972590963,0.8276466485043884,0.0,0.0,0.0,0.4971855580093468,0.15904596404581203,0.929946384465557,7.213038211066184,0.4087111007381391,0.3119339907426033,3.10187389722833,0.47443916000000086,0.11118900623880178,1.0294401977306649,0.7447455457664722,0.3639272953239084,0.40942126083461705,0.42506095885122286,3.8895491248738616,1.1033017624272403,0.8590937060088116,8.411316832634345,0.3646316075036548,5.962239345415072,0.0,5.513011069743396,0.03474668057282626,0.44987254666627624,0.032148112313801415,0.2704283066861839,0.026279254224355498,0.4523966652759116,0.39811907764453247,0.34479271991911054,16.746468319637227,0.763861335514879,0.07624997100921976,1.0650158232338287,88.35769044684064,0.32273196941516846,0.0,0.0033199374118555525,0.1423998703429835,0.09275239450550592
2001-06-30,0.0,0.0,0.0,0.0,0.0,0.0,0.0,0.0,0.0,0.0,0.0,0.0,0.0,0.0,0.0,0.0,0.0,0.0,0.0,0.0,0.0,0.0,0.0,0.0,0.0,0.0,0.0,0.0,0.0,0.0,0.0,0.0,0.0,8.482231311948942,0.17160145588960496,0.14098620658691255,1.2153575033441961,0.0,0.07432380875885997,0.11128995123310469,6.636838600357583,5.1039470938610405,0.9390097431331683,0.0,0.0,0.0,0.5653959155902406,0.17130705520848144,1.1298657448347926,10.583550850539595,0.49039102987546895,0.46936509538709875,1.4194727638500997,0.5974739125379992,0.13634706181602324,1.538797064990594,0.5378591302333001,0.4142751594742813,0.24733074557644777,0.48419441871703117,4.648800157555381,1.342958563030163,1.1869080405763524,10.696875685771184,0.40430862200947915,7.022578910152996,0.0,7.9259696392827,0.04469312992422393,0.5575831833622071,0.03456496309144462,0.4962020238489145,0.039796774550539614,0.5165996421592159,0.36549150163780403,0.3952664040266958,15.339729536641867,0.931141914734019,0.12853874046960007,1.1383713500410753,75.44397242818478,0.4729399796541203,0.0,0.005849690422820438,0.19114475237048775,0.0940767957362619
2001-07-31,0.0,0.0,0.0,0.0,0.0,0.0,0.0,0.0,0.0,0.0,0.0,0.0,0.0,0.0,0.0,0.0,0.0,0.0,0.0,0.0,0.0,0.0,0.0,0.0,0.0,0.0,0.0,0.0,0.0,0.0,0.0,0.0,0.0,8.992256597876963,0.16702734320467294,0.1633804770240675,1.5877801660724336,0.0,0.2057080678491062,0.12033546081011516,7.519917176419046,5.910831442258849,1.0570227748330885,0.0,0.0,0.0,0.5083908034163438,0.1822763664514032,1.4373918293419161,11.86870274531108,0.47572979306430524,0.6195837045436153,1.3413090369837208,0.5359835578906963,0.15339517446244474,1.7050778151667858,0.18325034146501015,0.37224888317664945,0.2917609046849774,0.6215280000000043,3.7389460825019256,1.7133573121883467,1.141149629509982,12.08473975471461,0.4274407691961621,7.8353100393869894,0.0,8.70176644309352,0.060813635632737936,0.5566146246113994,0.06176052620894053,0.038596583915007456,0.048306722138835134,0.5818564633212525,0.16678935598679628,0.4510074467869251,12.642538988920775,1.1918214381845655,0.09081046329408865,1.2116782393308194,90.00250566120181,0.5254878190194078,0.0,0.0045296366878863695,0.22987555256092193,0.10407194099221961
2001-08-31,0.0,0.0,0.0,0.0,0.0,0.0,0.0,0.0,0.0,0.0,0.0,0.0,0.0,0.0,0.0,0.0,0.0,0.0,0.0,0.0,0.0,0.0,0.0,0.0,0.0,0.0,0.0,0.0,0.0,0.0,0.0,0.0,0.0,7.014567536159391,0.1548683541737893,0.14873963316611832,1.3200056149854975,0.0,0.15570492015310697,0.09889526197254338,6.920188545156105,5.058132666313915,0.8403105548464309,0.0,0.0,0.0,0.3656602849828133,0.17146303807165297,1.253244050312195,10.30256073797541,0.3994835260899677,0.46936509538709875,1.0476610232840404,0.3338314982055859,0.14039252038406733,1.4163197630901916,0.002366859110705974,0.2670135147615679,0.2626368083925974,0.5486312707199991,4.056418997873881,1.4910328523681413,1.0081930950000038,10.87348680259492,0.42731152687364155,6.943014550526652,0.0,8.602027362518754,0.05896562465458833,0.35321845708999966,0.06214076157024373,0.032115663721764366,0.044913411196133894,0.5101378751013766,0.029008295720351258,0.40035452013168016,10.84266054310883,1.0349462531820388,0.0914159425385515,1.7481457783005336,93.96810697709256,0.5481748740108402,0.0,0.0038389827948978514,0.21602055590676492,0.1001939237233359
2001-09-30,0.0,0.0,0.0,0.0,0.0,0.0,0.0,0.0,0.0,0.0,0.0,0.0,0.0,0.0,0.0,0.0,0.0,0.0,0.0,0.0,0.0,0.0,0.0,0.0,0.0,0.0,0.0,0.0,0.0,0.0,0.0,0.0,0.0,5.398386948161481,0.09713443324784388,0.09302742257608627,0.8278846155018508,0.0,0.07582384480992743,0.07068594280204761,4.575188144397535,3.568668878383604,0.542625248229441,0.0,0.0,0.0,0.23539957459738767,0.12053449410335572,0.929946384465557,7.677841426120432,0.2764779066500774,0.3119339907426033,0.6598584741727829,0.21198696404929224,0.09233026858396717,0.9944868492915527,0.001708518368994749,0.17165082108902283,0.19997986712301344,0.36273787533099733,2.818743069749445,1.1033017624272403,0.7869680383609564,7.864284271847892,0.3139045038238148,4.967869146038156,0.0,5.934064143096488,0.04284997491219203,0.15952677949112518,0.04275321315980921,0.01908357094092589,0.032501030078285885,0.37486994555390507,0.008683237698674642,0.29416515243286784,7.620583988013129,0.763861335514879,0.06319907709284217,0.802367509368024,75.84127415992342,0.37739857669731425,0.0,0.0029564553093965164,0.15381105444073742,0.06806008618259422
2001-10-31,0.0,0.0,0.0,0.0,0.0,0.0,0.0,0.0,0.0,0.0,0.0,0.0,0.0,0.0,0.0,0.0,0.0,0.0,0.0,0.0,0.0,0.0,0.0,0.0,0.0,0.0,0.0,0.0,0.0,0.0,0.0,0.0,0.0,3.4531026627659673,0.07475467972354854,0.0670292524602998,0.19229946144142157,0.0,0.05802646229774499,2.000040000802016e-05,2.3103590974364554,2.112928070781131,0.26270971703954427,0.0,0.0,0.0,0.1262196042893827,0.07783735838406643,0.5797591955809109,4.762819913983098,0.09568799999999733,0.2537815970651791,0.43217868559136013,0.13661384655859762,0.07022705189718492,0.5780876588849506,0.0011050773115499589,0.09190672707275968,0.1260425976321262,0.2263935983431996,1.824313409625276,0.6841510652033554,0.48555679387933104,5.103269672194503,0.22034634457531901,3.338086909404124,0.0,2.6553598492161297,0.02231320000000054,0.06953626047853358,0.027489077254515062,0.011499483766201236,0.02687444774680679,0.2342031377363624,0.005666047094239,0.1839855145357615,5.560126010795262,0.4719243989738684,0.040682585648866725,0.5185393936953985,60.53939154811133,0.17568849838629183,0.0,0.0019331339928960168,0.10572651643647495,0.04490070615651938
2001-11-30,0.0,0.0,0.0,0.0,0.0,0.0,0.0,0.0,0.0,0.0,0.0,0.0,0.0,0.0,0.0,0.0,0.0,0.0,0.0,0.0,0.0,0.0,0.0,0.0,0.0,0.0,0.0,0.0,0.0,0.0,0.0,0.0,0.0,1.4623053262022285,0.024359192838598227,0.028376125953533553,-0.36665251582714287,0.0,0.023465566613934282,0.00019900000000019904,0.6493354475637754,1.092424260176649,0.078433239675751,0.0,0.0,0.0,0.09291524611604546,0.022493510138216658,0.2207629798872359,0.7790347713666231,-0.23863296072000353,0.09367517257271289,0.18255320000000091,0.07337519876013943,0.03194943221443,0.09088075936985972,0.024494540000000006,0.057235373383480115,0.020783340504947463,0.10382951450088104,0.25016431465335404,0.2504263558114774,0.22722946368636088,2.756015694550577,0.032435004758804106,1.3161549408598108,0.0,-1.6494000929904924,0.011272988344000487,0.02769808583235771,0.008957527409753096,0.01078236591671589,0.01229018264153993,0.10723992337856213,0.002354884061900628,0.0842382857543941,2.60498562801091,0.1722392530127754,0.013208717753717332,0.19142336722039965,32.99511692465806,-0.12873406328200065,0.0,0.0008562844266399289,0.04140526976160637,0.015423752578971474
2001-12-31,0.0,0.0,0.0,0.0,0.0,0.0,0.0,0.0,0.0,0.0,0.0,0.0,0.0,0.0,0.0,0.0,0.0,0.0,0.0,0.0,0.0,0.0,0.0,0.0,0.0,0.0,0.0,0.0,0.0,0.0,0.0,0.0,0.0,0.9805284801093741,0.10560918204853643,0.01651255750402613,-0.792476207930257,0.0,0.008187602545119778,0.006689960199999263,0.30230313272901704,0.38903138736275555,-0.08034532746433098,0.0,0.0,0.0,0.10966594222431258,0.0019603920784154673,0.0,-0.6738718265160133,-0.3836349072360248,0.0620769754495584,0.12912641020399693,0.045721055379301614,0.022036130927643633,-0.07549409164176199,0.038994010974599154,0.05795745964700603,-0.017748528368265445,0.0621527999999986,-0.34384693205748157,0.0,0.12132253576111336,1.736715493009184,0.018218947705614556,0.7060523059500806,0.0,-3.3858886095077065,-0.023295963115696667,0.014980013404425842,0.0065293817169298374,-0.001055767731099681,0.014324625000000292,0.056696746021413925,0.005393559129899191,0.04439348268023405,1.7294782700000957,0.0,0.009604610212902914,0.09847527888444228,14.461927559653377,-0.251977843455794,0.0,0.0004278208656492531,0.02171277416510556,0.021196779999999523
2002-01-31,0.0,0.0,0.0,0.0,0.0,0.0,0.0,0.0,0.0,0.0,0.0,0.0,0.0,0.0,0.0,0.0,0.0,0.0,0.0,0.0,0.0,0.0,0.0,0.0,0.0,0.0,0.0,0.0,0.0,0.0,0.0,0.0,0.0,1.0965283618592987,0.118467442932438,0.01623568277749034,0.0,0.0,-0.01798562401135009,0.012608622207958624,0.2867058774800564,0.037546288562767274,-0.16491328028688174,0.0,0.0,0.0,0.1560475535561103,-0.0073694299400332485,-0.05348196415506809,-1.3635455021220662,-0.48206853953013995,0.0620769754495584,0.15578421873912934,0.046300665669333545,0.018236670520687056,-0.14562025905273632,0.06518618335601317,0.07386911896536125,-0.03517584426221001,0.0768581916479956,-0.685611300430376,-0.11550691041877544,0.12974011932887156,1.7386816881077534,0.019597724999999913,0.7356385074523984,0.0,-4.937859017792033,-0.08536796627116772,0.025042684415131546,0.008792816627583154,-0.0020192821498906054,0.025121992912499766,0.06300711209055523,0.020793825799338195,0.049368495908493897,1.6182771476012539,-0.045736047920987746,0.013008455496073237,-0.6369833404331113,11.686055414296849,-0.34680281088636195,0.0,0.0025948261655785046,0.02381143269462094,0.040109978318403
2002-02-28,0.0,0.0,0.0,0.0,0.0,0.0,0.0,0.0,0.0,0.0,0.0,0.0,0.0,0.0,0.0,0.0,0.0,0.0,0.0,0.0,0.0,0.0,0.0,0.0,0.0,0.0,0.0,0.0,0.0,0.0,0.0,0.0,0.0,1.3957288767698155,0.2269636277846361,0.04277129003785413,0.0,0.0,-0.01123325846980193,0.025095093381529036,0.6919311449066808,0.06190270954676796,-0.12167182218277381,0.0,0.0,0.0,0.30692728998798163,0.006276016650656165,0.019335381371885747,0.11724388932900656,-0.3361808129018029,0.12430828454567516,0.3638276810651503,0.058950648306362374,0.06769689324677673,0.011013577460102248,0.06439212743808323,0.12984616631052295,0.0027092438319459137,0.1381717923034468,-0.11138225827647005,0.026835490652927205,0.244587937354763,2.21811986429505,0.043755043640001254,1.1914522184839018,0.0,-2.7875754934549244,-0.0907915059570119,0.03750332163446555,0.007064150338582586,-0.0017753431230443846,0.036946521674594626,0.11989726817620748,0.04573989000000007,0.09421547288283427,2.381761693586453,0.013961668694275578,0.010605620979119542,0.37926599243112996,25.32979905478838,-0.19359483810048425,0.0,0.0006733946056346253,0.038192144821081145,0.03772668555921564
2002-03-31,0.0,0.0,0.0,0.0,0.0,0.0,0.0,0.0,0.0,0.0,0.0,0.0,0.0,0.0,0.0,0.0,0.0,0.0,0.0,0.0,0.0,0.0,0.0,0.0,0.0,0.0,0.0,0.0,0.0,0.0,0.0,0.0,0.0,2.7685626268570367,0.4188534800000005,0.06312962162844067,0.0,0.0,0.022248096954152367,0.08349763308279473,1.5451121229885632,0.1478721001267099,-0.06819992780081047,0.0,0.0,0.0,0.4978351370320605,0.03462020922627988,0.25185048271227356,2.064317247041389,-0.28164589287409875,0.18568704205560757,0.9702455317058658,0.10350324898091016,0.09240222924557609,0.2096575996443439,0.1808848621161891,0.19543416225030613,0.059474834040930104,0.22983768541006253,0.5515562785653578,0.23226016749410827,0.39101581317970446,3.8940621361181944,0.10414410402631662,1.8278078512788962,0.0,-0.9003302009396188,-0.08133723455029836,0.10943336032116158,0.018450658952105597,0.0022570608185845924,0.07564522116151409,0.21510329705698966,0.12719210238760098,0.16893563112067345,3.6802128303134536,0.15995137095720818,0.027437589497611374,1.2145288096425777,35.368457992344,-0.060925795123310346,0.0,0.0011365617578982445,0.06216939198294368,0.0590171017594571
2002-04-30,0.0,0.0,0.0,0.0,0.0,0.0,0.0,0.0,0.0,0.0,0.0,0.0,0.0,0.0,0.0,0.0,0.0,0.0,0.0,0.0,0.0,0.0,0.0,0.0,0.0,0.0,0.0,0.0,0.0,0.0,0.0,0.0,0.0,4.214876463622648,0.5516177079660001,0.10486190006084331,0.0,0.0,0.054676931767938836,0.12250489257119516,3.690076571799686,0.22046526027505783,0.2021880202453082,0.0,0.0,0.0,0.7596102484170144,0.08521051463616335,0.4676016354754969,4.379314702491444,0.15697841549611666,0.24923621160958173,2.3003018640506068,0.16853756000000022,0.1653676449160363,0.5488738121474874,0.3960777573120606,0.2842274049481438,0.10996426994259033,0.33983959935052294,1.7188540460562385,0.4849677016883693,0.5455651159056647,5.845822957924348,0.18463126432318944,2.9044716533149106,0.0,2.1934352912428423,0.011601020969921503,0.32213453248044593,0.018202454850438855,0.041889550000000414,0.12816839954725084,0.3267308705472291,0.2724669512063253,0.2540957988446057,6.431944213698029,0.33382884611500513,0.02703649927401917,1.580063842215552,57.9335774748734,0.11801251037470424,0.0,0.0017954376742973113,0.09385400488129603,0.09360772951010522
2002-05-31,0.0,0.0,0.0,0.0,0.0,0.0,0.0,0.0,0.0,0.0,0.0,0.0,0.0,0.0,0.0,0.0,0.0,0.0,0.0,0.0,0.0,0.0,0.0,0.0,0.0,0.0,0.0,0.0,0.0,0.0,0.0,0.0,0.0,6.578674653191896,0.13356154463660358,0.1563402010971289,1.2006680673484134,0.0,0.07282401365324793,0.1795323863522492,4.826738953747952,0.7125194740820098,0.7555707087411344,0.0,0.0,0.0,1.0419333207328314,0.1257593712335284,0.929946384465557,6.648675019611213,0.39680371137915593,0.3119339907426033,4.015927013434756,0.3729859173456007,0.259338942413504,1.1214436284979652,0.765664841968702,0.3639272953239084,0.20917852912685403,0.42506095885122286,3.264182974017888,1.1033017624272403,0.8349696402138744,8.412454851134095,0.2897415943224452,4.801123747272571,0.0,5.466365095040153,0.03474668057282626,0.7966990407638523,0.032148112313801415,0.09455509276311941,0.16478617502642146,0.4523966652759116,0.4007068977476221,0.34479271991911054,8.586719502101715,0.763861335514879,0.047512604873549975,0.8366594250492574,81.30518513936202,0.29381825674840284,0.0,0.002806753090141703,0.1423998703429835,0.06856694086730618
2002-06-30,0.0,0.0,0.0,0.0,0.0,0.0,0.0,0.0,0.0,0.0,0.0,0.0,0.0,0.0,0.0,0.0,0.0,0.0,0.0,0.0,0.0,0.0,0.0,0.0,0.0,0.0,0.0,0.0,0.0,0.0,0.0,0.0,0.0,8.262948869362951,0.14661863933844008,0.2060785278224812,1.4179449995177655,0.0,0.07432380875885997,0.22606508253074495,5.667048317240698,0.9480957576502921,1.0203920781810398,0.0,0.0,0.0,1.3142483597807761,0.16856849322035602,1.1298657448347926,10.014190934573907,0.47417712748171736,0.46936509538709875,4.931698953543355,0.6466163509788994,0.33265685085056407,1.943637332475388,0.9653611045630551,0.4142751594742813,0.5178435519105551,0.48419441871703117,4.630152924765143,1.342958563030163,1.2544087296366933,10.698320090401008,0.35564941249459514,5.63580739993113,0.0,8.443882361313765,0.04469312992422393,1.1834553389536755,0.03456496309144462,0.24197339352282962,0.24648232260000574,0.5165996421592159,0.18541798554456512,0.45085009361970474,10.332524270939427,0.931141914734019,0.12853874046960007,1.1210935123405508,69.42545343373317,0.46366646409187107,0.0,0.05548022066215698,0.19114475237048775,0.09254867131596754
2002-07-31,0.0,0.0,0.0,0.0,0.0,0.0,0.0,0.0,0.0,0.0,0.0,0.0,0.0,0.0,0.0,0.0,0.0,0.0,0.0,0.0,0.0,0.0,0.0,0.0,0.0,0.0,0.0,0.0,0.0,0.0,0.0,0.0,0.0,8.73730164098027,0.1408564967397142,0.24122407446801536,1.7714211500571835,0.0,0.15663958210152723,0.2542080000000007,6.350612587297128,1.070064570872485,1.3040423620409787,0.0,0.0,0.0,1.2645007670928594,0.19092660746872697,1.4373918293419161,11.730469441742121,0.45734625749105434,0.6195837045436153,1.529640220864942,0.6276227267554104,0.36980150738514406,2.293316694677288,0.778928490131858,0.37224888317664945,0.5252087286920094,0.6215280000000043,4.916332386224603,1.7133573121883467,1.2595159356616428,12.086368249314418,0.40688200258213225,6.306139854391475,0.0,8.738534227008602,0.060813635632737936,1.2948985494869303,0.06176052620894053,0.027808175088509756,0.3172212858645896,0.5818564633212525,0.013188459058011805,0.4510074467869251,11.360340155267348,1.1918214381845655,0.09081046329408865,1.268602891130549,82.8267597233872,0.5361706169139526,0.0,0.021047353897450976,0.22987555256092193,0.10836163674591573
2002-08-31,0.0,0.0,0.0,0.0,0.0,0.0,0.0,0.0,0.0,0.0,0.0,0.0,0.0,0.0,0.0,0.0,0.0,0.0,0.0,0.0,0.0,0.0,0.0,0.0,0.0,0.0,0.0,0.0,0.0,0.0,0.0,0.0,0.0,6.795677740596087,0.13078847926734113,0.20583156807607728,1.4791077045107026,0.0,0.15570492015310697,0.23641138206493015,4.827409115349156,1.0401778496679994,1.1778653204759186,0.0,0.0,0.0,0.9559700917835702,0.16461544718753793,1.253244050312195,10.51456117961121,0.3994835260899677,0.46936509538709875,0.7487134986781786,0.41672667874855135,0.31042099701175313,1.9993100292352628,0.4505644542431729,0.2670135147615679,0.39598431774534243,0.6147440707199988,3.994947427442672,1.4910328523681413,0.9750589753412451,10.874949092943865,0.36313148694616854,5.589901159409928,0.0,6.880309221516049,0.05896562465458833,1.0777842242459017,0.06214076157024373,0.032115663721764366,0.15900306350225007,0.5101378751013766,0.011796846598451882,0.40035452013168016,9.642986839530653,1.0349462531820388,0.0914159425385515,1.497123890666498,86.41892073050018,0.5223627357993469,0.0,0.0038389827948978514,0.21602055590676492,0.09560538297678998
2002-09-30,0.0,0.0,0.0,0.0,0.0,0.0,0.0,0.0,0.0,0.0,0.0,0.0,0.0,0.0,0.0,0.0,0.0,0.0,0.0,0.0,0.0,0.0,0.0,0.0,0.0,0.0,0.0,0.0,0.0,0.0,0.0,0.0,0.0,5.199952015854481,0.10294905082793701,0.13684828855662437,0.9337361469891124,0.0,0.07582384480992743,0.17643169820392762,2.7059148348465043,0.8162738664718608,0.8110088080392306,0.0,0.0,0.0,0.6544933769579514,0.124854671770878,0.929946384465557,7.9637921797270455,0.32469599999999893,0.3119339907426033,0.5893045974117529,0.21198696404929224,0.21663084064250693,1.4411666157971592,0.35884555497664494,0.17165082108902283,0.30380492686927035,0.3913344023671112,3.0344805772626042,1.1033017624272403,0.7518093599999955,7.865339793865036,0.2851493151563207,4.093030733587239,0.0,5.14972014748402,0.04284997491219203,0.745949186895656,0.04275321315980921,0.01908357094092589,0.032501030078285885,0.37486994555390507,0.008683237698674642,0.29416515243286784,7.581662581863473,0.763861335514879,0.06319907709284217,0.8309420846299927,69.75006844851612,0.38714461013706003,0.0,0.0029564553093965164,0.15381105444073742,0.07049345417925484
2002-10-31,0.0,0.0,0.0,0.0,0.0,0.0,0.0,0.0,0.0,0.0,0.0,0.0,0.0,0.0,0.0,0.0,0.0,0.0,0.0,0.0,0.0,0.0,0.0,0.0,0.0,0.0,0.0,0.0,0.0,0.0,0.0,0.0,0.0,3.313892864059633,0.07587131097161665,0.09845158716189002,0.21544160906110482,0.0,0.05802646229774499,0.0017697465949416667,1.1077502453877308,0.44845241812756126,0.3994301561649913,0.0,0.0,0.0,0.37124203963256025,0.06868605494239877,0.5797591955809109,4.949248886749365,0.1113213283199969,0.2537815970651791,0.3609529261703129,0.13661384655859762,0.16396926981183738,0.8603100499616445,0.25747180825533156,0.09190672707275968,0.1971565349769021,0.23540049530230428,1.7282069276655827,0.6841510652033554,0.47346070055317263,5.103953492818704,0.18218717578766835,2.582806340872084,0.0,1.9490585654296055,0.023852010000000576,0.4258397387916243,0.027489077254515062,0.011499483766201236,0.02687444774680679,0.2342031377363624,0.005666047094239,0.1839855145357615,4.363169714469052,0.4719243989738684,0.040682585648866725,0.4569957357792275,55.67853964723513,0.15351780743991425,0.0,0.0019331339928960168,0.10572651643647495,0.036130068245684946
2002-11-30,0.0,0.0,0.0,0.0,0.0,0.0,0.0,0.0,0.0,0.0,0.0,0.0,0.0,0.0,0.0,0.0,0.0,0.0,0.0,0.0,0.0,0.0,0.0,0.0,0.0,0.0,0.0,0.0,0.0,0.0,0.0,0.0,0.0,1.3975072247801628,0.031901446600188205,0.04205877350132558,-0.4063289698970246,0.0,0.023465566613934282,2.000040000802016e-05,0.3501750875437333,0.22841379459396333,0.1215143209113208,0.0,0.0,0.0,0.24837888570452848,0.020918556525398757,0.2207629798872359,0.8115895629902962,-0.2507827999715854,0.09367517257271289,0.16466603875673683,0.07337519876013943,0.07421969028323745,0.1370731226227212,0.25367686233221887,0.057235373383480115,0.03721135396555744,0.10382951450088104,0.263266770000001,0.2504263558114774,0.259140710244761,2.756384403792942,0.07713229212008495,1.0648561870851005,0.0,-1.4341687033542614,0.01321161583420057,0.19073528002266057,0.008957527409753096,0.0869402437447167,0.01229018264153993,0.11114044028788202,0.003592006714603243,0.10535439072221625,2.4003845422045464,0.1722392530127754,0.013208717753717332,0.3475758646844157,30.347074666660777,-0.13473382432899947,0.0,0.0008562844266399289,0.04140526976160637,0.014019627478469425
2002-12-31,0.0,0.0,0.0,0.0,0.0,0.0,0.0,0.0,0.0,0.0,0.0,0.0,0.0,0.0,0.0,0.0,0.0,0.0,0.0,0.0,0.0,0.0,0.0,0.0,0.0,0.0,0.0,0.0,0.0,0.0,0.0,0.0,0.0,0.8433147691841075,0.06415526439588723,0.02498372980322048,-0.7281203243694806,0.0,0.07619429642590626,0.00020004000800157828,0.19568824999997841,0.21235775933829298,-0.12726915496323488,0.0,0.0,0.0,0.2679073201483157,0.0023525646155078983,0.0,-0.6926160274287905,-0.4262667932224948,0.0620769754495584,0.09056871990469906,0.045721055379301614,0.04969591999999981,-0.10789388066227594,0.18429580937868348,0.05795745964700603,-0.03855460441664438,0.0621527999999986,-0.33043632613620855,0.0,0.16549344234901178,1.7369474552311877,0.049080348441960714,0.5849402317547847,0.0,-2.912444671351903,-0.021666108006952838,0.10785886704199991,0.0065293817169298374,-0.001055767731099681,0.012027925000000246,0.07231202174935852,0.009939892589143053,0.0725450505027343,2.0057405199999607,0.0,0.009604610212902914,0.1140774922657732,13.301683680723407,-0.2492648642299176,0.0,0.0004278208656492531,0.02171277416510556,0.03547139499999809
2003-01-31,0.0,0.0,0.0,0.0,0.0,0.0,0.0,0.0,0.0,0.0,0.0,0.0,0.0,0.0,0.0,0.0,0.0,0.0,0.0,0.0,0.0,0.0,0.0,0.0,0.0,0.0,0.0,0.0,0.0,0.0,0.0,0.0,0.0,0.8166884680109673,0.013317712557702279,0.02154140102069563,0.0,0.0,-0.09653353866163557,0.0028899999999996815,0.3300990297088763,0.4444137268470207,-0.26800880857123843,0.0,0.0,0.0,0.362826232518747,-0.005488111544768488,-0.05711055826792333,-1.3846645750485327,-0.5347955768030682,0.0620769754495584,0.09759624000000086,0.046300665669333545,0.031407380569600275,-0.2013514348521342,0.21817730964962986,0.07386911896536125,-0.09725782645987321,0.0768581916479956,-0.7090554917336764,-0.12367590038773887,0.18788773124899597,1.7389135320290194,0.05649988914691683,0.5984539540022482,0.0,-4.505049092832265,-0.0794861996239731,0.11768284247135266,0.008792816627583154,-0.0020192821498906054,0.01298051928249988,0.11017521039564719,0.020774005596823752,0.09945173260000999,1.7415151181528679,-0.045736047920987746,0.013008455496073237,-0.4334460386443211,10.748782784042945,-0.34680281088636195,0.0,0.0027282691113977367,0.02381143269462094,0.011549764650888073
2003-02-28,0.0,0.0,0.0,0.0,0.0,0.0,0.0,0.0,0.0,0.0,0.0,0.0,0.0,0.0,0.0,0.0,0.0,0.0,0.0,0.0,0.0,0.0,0.0,0.0,0.0,0.0,0.0,0.0,0.0,0.0,0.0,0.0,0.0,1.0239400827429435,0.09492504000000083,0.05560199028704642,0.0,0.0,-0.07069691702667597,0.008098959600000608,0.5062932599999954,0.6276741770401602,-0.20310982910100642,0.0,0.0,0.0,0.668417514864518,0.005687298633207505,0.021920493132858647,0.11826497075527023,-0.3727716755761259,0.12430828454567516,0.12468703054581422,0.058950648306362374,0.11099211262286479,0.014694463282350127,0.2667878110906761,0.12984616631052295,0.00826347811295047,0.1471877923034468,-0.11490046692062586,0.02654003024541664,0.31452835844159815,2.218415200947136,0.09573506935362229,0.9724901268441242,0.0,-2.585897114010881,-0.0848473337576944,0.1706242302644253,0.007064150338582586,-0.0017753431230443846,0.010052179835147982,0.2665114088221439,0.04940234084840705,0.2163656575257135,2.1890128899998964,0.013961668694275578,0.010605620979119542,0.3868207775740986,23.298824646301796,-0.19427975686999602,0.0,0.004907577377713982,0.038192144821081145,0.019868073752254668
2003-03-31,0.0,0.0,0.0,0.0,0.0,0.0,0.0,0.0,0.0,0.0,0.0,0.0,0.0,0.0,0.0,0.0,0.0,0.0,0.0,0.0,0.0,0.0,0.0,0.0,0.0,0.0,0.0,0.0,0.0,0.0,0.0,0.0,0.0,2.061679625387633,0.24848475381119717,0.08018030941887154,0.0,0.0,0.1846142301111502,0.028422098942723222,1.7121001894359469,1.4364546348410596,-0.11788487072269233,0.0,0.0,0.0,1.0552824396900375,0.04024660862929419,0.29627686400810377,2.064317247041389,-0.31208149682691627,0.18568704205560757,0.31291799000000003,0.10350324898091016,0.12762870712698743,0.26772561067675466,0.5240519371308534,0.19543416225030613,0.20303217839839394,0.261955809490063,0.6737333399999869,0.23226016749410827,0.42091699853477216,3.894579774485759,0.2071992478367762,1.4886358248483473,0.0,-0.5313292374446408,-0.07490379329134438,0.3444035572736643,0.018450658952105597,0.0022570608185845924,0.03023832500000062,0.538899806686115,0.15123710000000118,0.44894641621851133,4.2549806299718975,0.15995137095720818,0.027437589497611374,2.2595792326551596,32.53339235987981,-0.038460235031448416,0.0,0.021056302041062215,0.06216939198294368,0.028279748891875536
2003-04-30,0.0,0.0,0.0,0.0,0.0,0.0,0.0,0.0,0.0,0.0,0.0,0.0,0.0,0.0,0.0,0.0,0.0,0.0,0.0,0.0,0.0,0.0,0.0,0.0,0.0,0.0,0.0,0.0,0.0,0.0,0.0,0.0,0.0,3.1356996970366344,0.3098617024742423,0.13732481657274348,0.0,0.0,0.5280463054556184,0.06455091850857782,2.304893547528972,2.935141892099178,0.245253954605747,0.0,0.0,0.0,1.54990515488671,0.06352107572768631,0.6503490785757013,4.379314702491444,0.17405372617915255,0.24923621160958173,0.6883718862409989,0.15548415867674803,0.22257219236378042,0.5466859422528058,0.967032772247522,0.2842274049481438,0.3940838907275556,0.38476396579800815,1.5497960229857743,0.4849677016883693,0.4891860955479188,5.846598530314085,0.341999976852006,2.3562264251675056,0.0,1.5152676176519853,0.011601020969921503,0.56442903589688,0.018202454850438855,0.1799199000000018,0.024232201659500244,0.8450290137051977,0.26303995128600044,0.7473298899639103,5.162921317967244,0.33382884611500513,0.052387899120943465,0.8630601955182678,53.291087146022655,0.08562421185372039,0.0,0.03687616000000037,0.09385400488129603,0.03512293025589511
2003-05-31,0.0,0.0,0.0,0.0,0.0,0.0,0.0,0.0,0.0,0.0,0.0,0.0,0.0,0.0,0.0,0.0,0.0,0.0,0.0,0.0,0.0,0.0,0.0,0.0,0.0,0.0,0.0,0.0,0.0,0.0,0.0,0.0,0.0,4.46350995029195,0.8524531249965362,0.21189980587250717,1.3411528743440053,0.0,0.9384047544837837,0.11097900615992848,4.271744438290813,4.948512438529645,0.7059443196299418,0.0,0.0,0.0,2.0438829801574965,0.14890683999999985,1.557001483262737,6.599289514176967,0.4409385280534089,0.3119339907426033,2.366388746510877,0.4062718400000008,0.3496046979793618,0.990199177977212,1.9368308822278548,0.3639272953239084,1.009887594772705,0.5752322122980446,3.8442541608111234,1.1033017624272403,0.8349696402138744,8.413568678944586,0.5325679885232727,3.9817637248196043,0.0,5.60154791320446,0.3460186789935377,1.273436773835731,0.09702425376752968,0.37747043495690175,0.026279254224355498,1.1500952026233369,0.4922521455383962,1.1090768238060982,10.733815466622554,0.763861335514879,0.0960240180247414,1.2642179034702334,74.79285703791983,0.29680514474755487,0.0,0.20667770681600064,0.1423998703429835,0.07120340809523351
2003-06-30,0.0,0.0,0.0,0.0,0.0,0.0,0.0,0.0,0.0,0.0,0.0,0.0,0.0,0.0,0.0,0.0,0.0,0.0,0.0,0.0,0.0,0.0,0.0,0.0,0.0,0.0,0.0,0.0,0.0,0.0,0.0,0.0,0.0,5.575200333361001,1.3308337731089521,0.27899509321709987,1.7101520391624014,0.0,1.2546722210736878,0.137466429246769,5.0754491542777735,6.322597367760852,0.8589477682172884,0.0,0.0,0.0,2.6109287265391337,0.16643954032340127,1.9568839055781224,9.925867139612247,0.5342740629348661,0.46936509538709875,3.047629324532957,0.888176278511999,0.46274100264914964,1.943637332475388,3.174060645562004,0.4142751594742813,1.9407703693243799,0.6178491363262996,5.112186805255309,1.342958563030163,1.6951720500000065,10.699733791537367,0.6512724931818328,4.838636512449745,0.0,8.68831765174234,0.7080216868662013,1.9841257346005958,0.30612196159538724,0.4962020238489145,0.039796774550539614,1.3034988332004187,0.6648698029249409,1.3558937602172594,13.303759021202268,0.931141914734019,0.09896279517306515,1.1062897927734283,63.86791484740036,0.4562172802278338,0.0,0.4061575992577518,0.19114475237048775,0.09112283923832187
2003-07-31,0.0,0.0,0.0,0.0,0.0,0.0,0.0,0.0,0.0,0.0,0.0,0.0,0.0,0.0,0.0,0.0,0.0,0.0,0.0,0.0,0.0,0.0,0.0,0.0,0.0,0.0,0.0,0.0,0.0,0.0,0.0,0.0,0.0,5.860647870079328,0.14178211395306375,0.32559440143363644,2.30220051331796,0.0,1.5961493052186329,0.15086743702410793,5.931764009481514,7.773406399332092,1.0644546108987427,0.0,0.0,0.0,2.408755390717598,0.3450319999999994,2.7632960817904046,11.655790474712152,0.5909161937524878,0.6195837045436153,0.8748143132875938,0.9715512371172162,0.5291248789425876,2.293316694677288,3.8009581328156896,0.37224888317664945,2.2376838075850585,0.7725744777136087,5.6917613334545525,1.7133573121883467,1.7138213692889972,12.087962127247776,0.7412610455528887,5.420538752237659,0.0,9.05919151104415,1.0046853123937702,2.287294730129659,0.8689983093812529,0.8491062501436454,0.048306722138835134,1.4734227309648467,0.778003016135798,1.5666002380033794,14.16901438610267,1.1918214381845655,0.16010733372748137,4.007471647893914,76.20063044276323,0.5488245549157376,0.0,0.47760490167358766,0.22987555256092193,0.11316633124665035
2003-08-31,0.0,0.0,0.0,0.0,0.0,0.0,0.0,0.0,0.0,0.0,0.0,0.0,0.0,0.0,0.0,0.0,0.0,0.0,0.0,0.0,0.0,0.0,0.0,0.0,0.0,0.0,0.0,0.0,0.0,0.0,0.0,0.0,0.0,4.537762135498567,0.1086681829668945,0.2773012770157293,1.9640866085739284,0.0,1.6266755865618538,0.08446542582514009,5.249937201708149,7.091692244730903,0.9436076984844016,0.0,0.0,0.0,1.7743915096745235,0.4079685617599987,2.6486203360178693,10.437681469706341,0.5405060238542575,0.46936509538709875,0.7622363507922089,0.7381796261028257,0.4449945505022069,1.9899523785577928,3.5308199635369313,0.2670135147615679,1.947879482523842,0.6819620635495941,4.79592655858715,1.4910328523681413,1.5027324535758126,10.876380299605266,0.6590600847417184,4.78939081216128,0.0,8.03472991353529,0.9753373476421551,2.008469997993152,1.222839250002538,0.8141732886837398,0.044913411196133894,1.2888150851581457,0.6730046621905412,1.4973259052924837,11.404664447416756,1.0349462531820388,0.16536915465367616,9.563658405077867,79.54683397307731,0.5387637484430745,0.0,0.4442473334997686,0.21602055590676492,0.09856196477621577
2003-09-30,0.0,0.0,0.0,0.0,0.0,0.0,0.0,0.0,0.0,0.0,0.0,0.0,0.0,0.0,0.0,0.0,0.0,0.0,0.0,0.0,0.0,0.0,0.0,0.0,0.0,0.0,0.0,0.0,0.0,0.0,0.0,0.0,0.0,0.0,0.0,0.0,0.0,0.0,0.0,0.0,0.0,0.0,0.0,0.0,0.0,0.0,0.0,0.0,0.0,0.0,0.0,0.0,0.0,0.0,0.0,0.0,0.0,0.0,0.0,0.0,0.0,0.0,0.0,0.0,0.0,0.0,0.0,0.0,0.0,0.0,0.0,0.0,0.0,0.0,0.0,0.0,0.0,0.0,0.0,0.0,0.0,0.0,0.0,0.0,0.0,0.0
